"Rk,Player,Tm,Age,Pos,G,GS,Att,Yds,TD,Lng,Y/A,Y/G,Fmb"
"1,DeMarco Murray*+\MurrDe00,DAL,26,RB,16,16,392,1845,13,51,4.7,115.3,6"
"2,LeSean McCoy*\McCoLe01,PHI,26,RB,16,16,312,1319,5,53,4.2,82.4,4"
"3,Le'Veon Bell*+\BellLe00,PIT,22,RB,16,16,290,1361,8,81,4.7,85.1,0"
"4,Marshawn Lynch*\LyncMa00,SEA,28,RB,16,14,280,1306,13,79,4.7,81.6,4"
"5,Matt Forte\FortMa00,CHI,29,RB,16,16,266,1038,6,32,3.9,64.9,2"
"6,Alfred Morris*\MorrAl00,WAS,26,RB,16,16,265,1074,8,30,4.1,67.1,2"
"7,Arian Foster*\FostAr00,HOU,28,RB,13,13,260,1246,8,51,4.8,95.8,2"
"8,Frank Gore\GoreFr00,SFO,31,RB,16,16,255,1106,4,52,4.3,69.1,2"
"9,Eddie Lacy\LacyEd00,GNB,24,RB,16,16,246,1139,9,44,4.6,71.2,3"
"10,Justin Forsett*\ForsJu00,BAL,29,RB,16,14,235,1266,8,52,5.4,79.1,2"
"11,Mark Ingram*\IngrMa01,NOR,25,RB,13,9,226,964,9,31,4.3,74.2,3"
"12,Joique Bell\BellJo01,DET,28,rb,15,6,223,860,7,57,3.9,57.3,5"
"13,Jeremy Hill\HillJe01,CIN,22,RB,16,8,222,1124,9,85,5.1,70.3,5"
"14,Andre Williams\WillAn00,NYG,22,rb/wr,16,7,217,721,7,50,3.3,45.1,1"
"15,Lamar Miller\MillLa01,MIA,23,RB,16,16,216,1099,8,97,5.1,68.7,3"
"16,Jamaal Charles*\CharJa00,KAN,28,RB,15,15,206,1033,9,63,5.0,68.9,5"
"17,Andre Ellington\ElliAn00,ARI,25,RB,12,12,201,660,3,22,3.3,55.0,2"
"18,Chris Ivory\IvorCh00,NYJ,26,RB,16,10,198,821,6,71,4.1,51.3,2"
"19,Steven Jackson\JackSt00,ATL,31,RB,15,15,190,707,6,55,3.7,47.1,0"
"20,C.J. Anderson*\AndeC.00,DEN,23,rb,15,7,179,849,8,27,4.7,56.6,1"
"21,Tre Mason\MasoTr00,STL,21,RB,12,9,179,765,4,89,4.3,63.8,2"
"22,Jonathan Stewart\StewJo00,CAR,27,RB,13,8,175,809,3,69,4.6,62.2,3"
"23,Terrance West\WestTe00,CLE,23,rb,14,6,171,673,4,36,3.9,48.1,2"
"24,Alfred Blue\BlueAl00,HOU,23,rb,16,3,169,528,2,46,3.1,33.0,0"
"25,Giovani Bernard\BernGi00,CIN,23,RB,13,9,168,680,5,89,4.0,52.3,0"
"26,Rashad Jennings\JennRa00,NYG,29,RB,11,9,167,639,4,18,3.8,58.1,1"
"27,Matt Asiata\AsiaMa00,MIN,27,fb/RB,15,9,164,570,9,19,3.5,38.0,1"
"28,Branden Oliver\OlivBr01,SDG,23,rb,14,7,160,582,3,52,3.6,41.6,0"
"29,Trent Richardson\RichTr00,IND,24,RB,15,12,159,519,3,27,3.3,34.6,2"
"30,Chris Johnson\JohnCh04,NYJ,29,rb,16,6,155,663,1,47,4.3,41.4,1"
"31,Darren McFadden\McFaDa00,OAK,27,RB,16,12,155,534,2,25,3.4,33.4,1"
"32,Bishop Sankey\SankBi00,TEN,22,RB,16,9,152,569,2,22,3.7,35.6,2"
"33,Isaiah Crowell\CrowIs00,CLE,21,rb,16,4,148,607,8,35,4.1,37.9,3"
"34,Fred Jackson\JackFr02,BUF,33,RB,14,9,141,525,2,38,3.7,37.5,5"
"35,Denard Robinson\RobiDe00,JAX,24,RB,13,9,135,582,4,41,4.3,44.8,2"
"36,Knile Davis\DaviKn00,KAN,23,rb,16,1,134,463,6,48,3.5,28.9,4"
"37,Doug Martin\MartDo00,TAM,25,RB,11,11,134,494,2,63,3.7,44.9,0"
"38,LeGarrette Blount\BlouLe00,2TM,28,,16,1,125,547,5,50,4.4,34.2,1"
"39,Ben Tate\TateBe00,2TM,26,,11,6,119,371,4,25,3.1,33.7,0"
"40,Russell Wilson\WilsRu00,SEA,26,QB,16,16,118,849,6,55,7.2,53.1,13"
"41,Jerick McKinnon\McKiJe00,MIN,22,rb,11,6,113,538,0,55,4.8,48.9,0"
"42,Ronnie Hillman\HillRo00,DEN,23,rb,8,4,106,434,3,37,4.1,54.3,1"
"43,Anthony Dixon\DixoAn00,BUF,27,,16,0,105,432,2,47,4.1,27.0,1"
"44,Colin Kaepernick\KaepCo00,SFO,27,QB,16,16,104,639,1,90,6.1,39.9,8"
"45,Cam Newton\NewtCa00,CAR,25,QB,14,14,103,539,5,22,5.2,38.5,12"
"46,Toby Gerhart\GerhTo00,JAX,27,fb/rb,14,7,101,326,2,23,3.2,23.3,1"
"47,Shane Vereen\VereSh00,NWE,25,rb,16,6,96,391,2,19,4.1,24.4,0"
"48,Shonn Greene\GreeSh00,TEN,29,rb,13,5,94,392,2,52,4.2,30.2,1"
"49,Bobby Rainey\RainBo00,TAM,27,rb,15,5,94,406,1,31,4.3,27.1,3"
"50,Stevan Ridley\RidlSt00,NWE,25,rb,6,5,94,340,2,43,3.6,56.7,0"
"51,Bernard Pierce\PierBe00,BAL,23,rb,13,2,93,366,2,28,3.9,28.2,1"
"52,Ahmad Bradshaw\BradAh00,IND,28,rb,10,1,90,425,2,29,4.7,42.5,3"
"53,Jonas Gray\GrayJo00,NWE,24,rb,8,3,89,412,5,20,4.6,51.5,0"
"54,Donald Brown\BrowDo00,SDG,27,rb,13,3,85,223,0,16,2.6,17.2,1"
"55,James Starks\StarJa00,GNB,28,,16,0,85,333,2,41,3.9,20.8,1"
"56,Carlos Hyde\HydeCa00,SFO,24,,14,0,83,333,4,28,4.0,23.8,1"
"57,Latavius Murray\MurrLa00,OAK,24,rb,15,3,82,424,2,90,5.2,28.3,1"
"58,Dan Herron\HerrDa00,IND,25,rb,16,3,78,351,1,49,4.5,21.9,4"
"59,C.J. Spiller\SpilC.00,BUF,27,rb,9,5,78,300,0,53,3.8,33.3,3"
"60,Reggie Bush\BushRe00,DET,29,RB,11,9,76,297,2,26,3.9,27.0,1"
"61,Khiry Robinson\RobiKh00,NOR,25,rb,10,3,76,362,3,62,4.8,36.2,2"
"62,Zac Stacy\StacZa00,STL,23,rb,13,5,76,293,1,16,3.9,22.5,2"
"63,Ryan Mathews\MathRy00,SDG,27,rb,6,6,74,330,3,32,4.5,55.0,1"
"64,Robert Turbin\TurbRo00,SEA,25,fb/rb,16,3,74,310,0,17,4.2,19.4,1"
"65,Lorenzo Taliaferro\TaliLo00,BAL,23,,13,0,68,292,4,31,4.3,22.5,1"
"66,Benny Cunningham\CunnBe01,STL,24,rb,16,2,66,246,3,20,3.7,15.4,2"
"67,Charles Sims\SimsCh00,TAM,24,,8,0,66,185,1,20,2.8,23.1,2"
"68,Devonta Freeman\FreeDe00,ATL,22,,16,0,65,248,1,31,3.8,15.5,1"
"69,Andrew Luck*\LuckAn00,IND,25,QB,16,16,64,273,3,20,4.3,17.1,13"
"70,Stepfan Taylor\TaylSt00,ARI,23,rb,14,4,63,208,1,21,3.3,14.9,0"
"71,DeAngelo Williams\WillDe02,CAR,31,rb,6,6,62,219,0,17,3.5,36.5,1"
"72,Andy Dalton*\DaltAn00,CIN,27,QB,16,16,60,169,4,20,2.8,10.6,4"
"73,Geno Smith\SmitGe00,NYJ,24,QB,14,13,59,238,1,18,4.0,17.0,8"
"74,Jacquizz Rodgers\RodgJa00,ATL,24,rb,16,1,58,217,1,17,3.7,13.6,1"
"75,Darren Sproles*\SproDa00,PHI,31,,15,0,57,329,6,49,5.8,21.9,4"
"76,Blake Bortles\BortBl00,JAX,22,QB,14,13,56,419,0,34,7.5,29.9,7"
"77,Ryan Tannehill\TannRy00,MIA,26,QB,16,16,56,311,1,40,5.6,19.4,10"
"78,Montee Ball\BallMo00,DEN,24,rb,5,3,55,172,1,23,3.1,34.4,1"
"79,Juwan Thompson\ThomJu01,DEN,22,,15,0,54,272,3,47,5.0,18.1,1"
"80,Kerwynn Williams\WillKe05,ARI,23,,5,0,53,246,0,19,4.6,49.2,1"
"81,Joseph Randle\RandJo01,DAL,23,,16,0,51,343,3,65,6.7,21.4,2"
"82,Ryan Fitzpatrick\FitzRy00,HOU,32,QB,12,12,50,184,2,16,3.7,15.3,5"
"83,Alex Smith\SmitAl03,KAN,30,QB,15,15,49,254,1,25,5.2,16.9,4"
"84,Teddy Bridgewater\BridTe00,MIN,22,QB,13,12,47,209,1,16,4.4,16.1,3"
"85,Chris Polk\PolkCh00,PHI,25,,14,0,46,172,4,22,3.7,12.3,1"
"86,Pierre Thomas\ThomPi00,NOR,30,rb,11,3,45,222,2,27,4.9,20.2,0"
"87,Daniel Thomas\ThomDa03,MIA,27,,12,0,44,168,2,15,3.8,14.0,1"
"88,Maurice Jones-Drew\DrewMa00,OAK,29,rb,12,1,43,96,0,13,2.2,8.0,1"
"89,Aaron Rodgers*+\RodgAa00,GNB,31,QB,16,16,43,269,2,19,6.3,16.8,12"
"90,Matthew Stafford*\StafMa00,DET,26,QB,16,16,43,93,2,18,2.2,5.8,10"
"91,Roy Helu\HeluRo00,WAS,26,,14,0,40,216,1,18,5.4,15.4,2"
"92,Dexter McCluster\McClDe00,TEN,25,rb,14,2,40,131,0,16,3.3,9.4,1"
"93,Jay Cutler\CutlJa00,CHI,31,QB,15,15,39,191,2,25,4.9,12.7,12"
"94,Joe Flacco\FlacJo00,BAL,29,QB,16,16,39,70,2,15,1.8,4.4,6"
"95,Jonathan Grimes\GrimJo01,HOU,25,,16,0,39,153,0,11,3.9,9.6,0"
"96,Robert Griffin\GrifRo01,WAS,24,qb,9,7,38,176,1,23,4.6,19.6,9"
"97,Philip Rivers\RivePh00,SDG,33,QB,16,16,37,102,0,17,2.8,6.4,8"
"98,Mike Tolbert\TolbMi00,CAR,29,fb,8,6,37,78,0,15,2.1,9.8,0"
"99,Tavon Austin\AustTa00,STL,24,WR,15,8,36,224,2,19,6.2,14.9,5"
"100,Tom Brady*\BradTo00,NWE,37,QB,16,16,36,57,0,17,1.6,3.6,6"