"Rk,Player,Tm,Age,Pos,G,GS,Att,Yds,TD,Lng,Y/A,Y/G,Fmb"
"1,Le'Veon Bell*+\BellLe00,PIT,25,RB,15,15,321,1291,9,27,4.0,86.1,3"
"2,LeSean McCoy*\McCoLe01,BUF,29,RB,16,16,287,1138,6,48,4.0,71.1,3"
"3,Melvin Gordon\GordMe00,LAC,24,RB,16,16,284,1105,8,87,3.9,69.1,1"
"4,Todd Gurley*+\GurlTo01,LAR,23,RB,15,15,279,1305,13,57,4.7,87.0,5"
"5,Jordan Howard\HowaJo00,CHI,23,RB,16,16,276,1122,9,53,4.1,70.1,1"
"6,Kareem Hunt*\HuntKa00,KAN,22,RB,16,16,272,1327,8,69,4.9,82.9,1"
"7,Leonard Fournette\FourLe00,JAX,22,RB,13,13,268,1040,9,90,3.9,80.0,2"
"8,Frank Gore\GoreFr00,IND,34,RB,16,16,261,961,3,21,3.7,60.1,3"
"9,C.J. Anderson\AndeC.00,DEN,26,RB,16,16,245,1007,3,40,4.1,62.9,1"
"10,Ezekiel Elliott\ElliEz00,DAL,22,RB,10,10,242,983,7,30,4.1,98.3,1"
"11,Carlos Hyde\HydeCa00,SFO,27,RB,16,16,240,938,8,61,3.9,58.6,2"
"12,Lamar Miller\MillLa01,HOU,26,RB,16,13,238,888,3,21,3.7,55.5,1"
"13,Mark Ingram*\IngrMa01,NOR,28,RB,16,13,230,1124,12,72,4.9,70.3,3"
"14,Latavius Murray\MurrLa00,MIN,27,RB,16,11,216,842,8,46,3.9,52.6,1"
"15,Alex Collins\CollAl00,BAL,23,RB,15,12,212,973,6,50,4.6,64.9,4"
"16,Jay Ajayi\AjayJa00,2TM,24,,14,8,208,873,1,71,4.2,62.4,3"
"17,Marshawn Lynch\LyncMa00,OAK,31,RB,15,15,207,891,7,51,4.3,59.4,1"
"18,Isaiah Crowell\CrowIs00,CLE,24,RB,16,16,206,853,2,59,4.1,53.3,1"
"19,Jonathan Stewart\StewJo00,CAR,30,RB,15,10,198,680,6,60,3.4,45.3,3"
"20,Devonta Freeman\FreeDe00,ATL,25,RB,14,14,196,865,7,44,4.4,61.8,4"
"21,DeMarco Murray\MurrDe00,TEN,29,RB,15,15,184,659,6,75,3.6,43.9,1"
"22,Dion Lewis\LewiDi00,NWE,27,RB,16,8,180,896,6,44,5.0,56.0,0"
"23,Joe Mixon\MixoJo00,CIN,21,rb,14,7,178,626,4,25,3.5,44.7,3"
"24,Bilal Powell\PoweBi00,NYJ,29,RB,15,10,178,772,5,75,4.3,51.5,1"
"25,Derrick Henry\HenrDe00,TEN,23,rb,16,2,176,744,5,75,4.2,46.5,1"
"26,Samaje Perine\PeriSa00,WAS,22,RB,16,8,175,603,1,30,3.4,37.7,2"
"27,LeGarrette Blount\BlouLe00,PHI,31,RB,16,11,173,766,2,68,4.4,47.9,1"
"28,Orleans Darkwa\DarkOr00,NYG,25,RB,15,11,171,751,5,75,4.4,50.1,1"
"29,Ameer Abdullah\AbduAm00,DET,24,RB,14,11,165,552,4,34,3.3,39.4,2"
"30,Tevin Coleman\ColeTe01,ATL,24,fb/rb,15,3,156,628,5,52,4.0,41.9,1"
"31,Adrian Peterson\PeteAd01,2TM,32,,10,7,156,529,2,27,3.4,52.9,3"
"32,Javorius Allen\AlleJa01,BAL,26,,16,0,153,591,4,37,3.9,36.9,0"
"33,Jamaal Williams\WillJa06,GNB,22,rb,16,7,153,556,4,25,3.6,34.8,0"
"34,Jerick McKinnon\McKiJe00,MIN,25,rb,16,1,150,570,3,58,3.8,35.6,3"
"35,Cam Newton\NewtCa00,CAR,28,QB,16,16,139,754,6,69,5.4,47.1,9"
"36,Doug Martin\MartDo00,TAM,28,RB,11,8,138,406,3,27,2.9,36.9,1"
"37,Kenyan Drake\DrakKe00,MIA,23,rb,16,6,133,644,3,66,4.8,40.3,2"
"38,Alvin Kamara*\KamaAl00,NOR,22,fb/rb,16,3,120,728,8,74,6.1,45.5,1"
"39,Kerwynn Williams\WillKe05,ARI,26,rb,16,6,120,426,1,25,3.6,26.6,0"
"40,Christian McCaffrey\McCaCh01,CAR,21,RB,16,10,117,435,2,40,3.7,27.2,2"
"41,Alfred Morris\MorrAl00,DAL,29,rb,14,5,115,547,1,70,4.8,39.1,0"
"42,Chris Ivory\IvorCh00,JAX,29,rb,14,3,112,382,1,34,3.4,27.3,2"
"43,Wayne Gallman\GallWa00,NYG,23,rb,13,1,111,476,0,24,4.3,36.6,3"
"44,Peyton Barber\BarbPe01,TAM,23,rb,16,4,108,423,3,34,3.9,26.4,2"
"45,Giovani Bernard\BernGi00,CIN,26,rb,16,2,105,458,2,25,4.4,28.6,0"
"46,Matt Breida\BreiMa00,SFO,22,,16,0,105,465,2,33,4.4,29.1,1"
"47,Mike Gillislee\GillMi00,NWE,27,rb,9,2,104,383,5,16,3.7,42.6,1"
"48,Matt Forte\FortMa00,NYJ,32,rb,12,4,103,381,2,20,3.7,31.8,1"
"49,Russell Wilson*\WilsRu00,SEA,29,QB,16,16,95,586,3,31,6.2,36.6,14"
"50,Marlon Mack\MackMa00,IND,21,,14,0,93,358,3,35,3.8,25.6,1"
"51,Elijah McGuire\McGuEl00,NYJ,23,rb,16,2,88,315,1,69,3.6,19.7,2"
"52,Tarik Cohen\CoheTa00,CHI,22,rb/wr,16,4,87,370,2,46,4.3,23.1,3"
"53,Theo Riddick\RiddTh00,DET,26,rb,16,5,84,286,3,21,3.4,17.9,1"
"54,Tyrod Taylor\TaylTy00,BUF,28,QB,15,14,84,427,4,32,5.1,28.5,4"
"55,Duke Johnson\JohnDu00,CLE,24,,16,0,82,348,4,19,4.2,21.8,4"
"56,Aaron Jones\JoneAa00,GNB,23,rb,12,4,81,448,4,46,5.5,37.3,0"
"57,Devontae Booker\BookDe00,DEN,25,,13,0,79,299,1,26,3.8,23.0,2"
"58,D'Onta Foreman\ForeDO00,HOU,21,rb,10,1,78,327,2,39,4.2,32.7,2"
"59,DeShone Kizer\KizeDe00,CLE,21,QB,15,15,77,419,5,20,5.4,27.9,9"
"60,Corey Clement\ClemCo00,PHI,23,,16,0,74,321,4,28,4.3,20.1,0"
"61,Dalvin Cook\CookDa01,MIN,22,rb,4,4,74,354,2,33,4.8,88.5,1"
"62,Alfred Blue\BlueAl00,HOU,26,,11,0,71,262,1,48,3.7,23.8,0"
"63,Ty Montgomery\MontTy01,GNB,24,rb,8,5,71,273,3,37,3.8,34.1,0"
"64,Jamaal Charles\CharJa00,DEN,31,,14,0,69,296,1,19,4.3,21.1,2"
"65,Eddie Lacy\LacyEd00,SEA,27,rb,9,3,69,179,0,19,2.6,19.9,0"
"66,Mike Davis\DaviMi01,SEA,24,rb,6,6,68,240,0,33,3.5,40.0,0"
"67,Mike Tolbert\TolbMi00,BUF,32,,12,0,66,247,1,25,3.7,20.6,2"
"68,Rex Burkhead\BurkRe00,NWE,27,rb,10,3,64,264,5,31,4.1,26.4,1"
"69,Jacquizz Rodgers\RodgJa00,TAM,27,rb,16,4,64,244,1,36,3.8,15.3,0"
"70,Chris Thompson\ThomCh03,WAS,27,rb,10,1,64,294,2,61,4.6,29.4,3"
"71,Carson Wentz*\WentCa00,PHI,25,QB,13,13,64,299,0,24,4.7,23.0,9"
"72,Jacoby Brissett\BrisJa00,IND,25,QB,16,15,63,260,4,25,4.1,16.3,8"
"73,Malcolm Brown\BrowMa03,LAR,24,rb,11,1,63,246,1,20,3.9,22.4,1"
"74,Robert Kelley\KellRo00,WAS,25,rb,7,7,62,194,3,21,3.1,27.7,0"
"75,Marcus Mariota\MariMa01,TEN,24,QB,15,15,60,312,5,34,5.2,20.8,2"
"76,Alex Smith*\SmitAl03,KAN,33,QB,15,15,60,355,1,70,5.9,23.7,2"
"77,Tavon Austin\AustTa00,LAR,27,WR,16,9,59,270,1,27,4.6,16.9,5"
"78,Thomas Rawls\RawlTh00,SEA,24,rb,12,3,58,157,0,23,2.7,13.1,1"
"79,Blake Bortles\BortBl00,JAX,25,QB,16,16,57,322,2,28,5.6,20.1,9"
"80,Dak Prescott\PresDa01,DAL,24,QB,16,16,57,357,6,21,6.3,22.3,4"
"81,DeAndre Washington\WashDe00,OAK,24,,15,0,57,153,2,11,2.7,10.2,2"
"82,Jalen Richard\RichJa01,OAK,24,rb,16,1,56,275,1,52,4.9,17.2,8"
"83,Rod Smith\SmitRo06,DAL,25,rb,15,1,55,232,4,45,4.2,15.5,0"
"84,Chris Carson\CarsCh00,SEA,23,rb,4,3,49,208,0,30,4.2,52.0,0"
"85,Kirk Cousins\CousKi00,WAS,29,QB,16,16,49,179,4,18,3.7,11.2,13"
"86,T.J. Yeldon\YeldT.00,JAX,24,,10,0,49,253,2,58,5.2,25.3,2"
"87,Austin Ekeler\EkelAu00,LAC,22,,16,0,47,260,2,35,5.5,16.3,2"
"88,Wendell Smallwood\SmalWe00,PHI,23,rb,8,3,47,174,1,26,3.7,21.8,0"
"89,J.D. McKissic\McKiJ.00,SEA,24,rb,13,1,46,187,1,30,4.1,14.4,0"
"90,Damien Williams\WillDa05,MIA,25,rb,11,4,46,181,0,69,3.9,16.5,0"
"91,Chris Johnson\JohnCh04,ARI,32,rb,4,3,45,114,0,11,2.5,28.5,0"
"92,Shane Vereen\VereSh00,NYG,28,,16,0,45,164,0,17,3.6,10.3,0"
"93,James White\WhitJa02,NWE,25,rb,14,4,43,171,0,10,4.0,12.2,0"
"94,Tion Green\GreeTi00,DET,24,,5,0,42,165,2,33,3.9,33.0,0"
"95,Paul Perkins\PerkPa00,NYG,23,rb,11,4,41,90,0,14,2.2,8.2,0"
"96,Mitchell Trubisky\TrubMi00,CHI,23,QB,12,12,41,248,2,46,6.0,20.7,10"
"97,Case Keenum\KeenCa00,MIN,29,QB,15,14,40,160,1,22,4.0,10.7,1"
"98,Terrance West\WestTe00,BAL,26,rb,5,4,39,138,2,13,3.5,27.6,1"
"99,Andy Dalton\DaltAn00,CIN,30,QB,16,16,38,99,0,25,2.6,6.2,4"
"100,Jeremy Hill\HillJe01,CIN,25,rb,7,7,37,116,0,13,3.1,16.6,1"