Rk,Player,Tm,Age,Pos,G,GS,Att,Yds,TD,Lng,Y/A,Y/G,Fmb
1,Arian Foster*+\FostAr00,HOU,24,RB,16,13,327,1616,16,74,4.9,101.0,3
2,Jamaal Charles*+\CharJa00,KAN,24,rb/wr,16,6,230,1467,5,80,6.4,91.7,3
3,Michael Turner*\TurnMi00,ATL,28,RB,16,15,334,1371,12,55,4.1,85.7,2
4,Chris Johnson*\JohnCh04,TEN,25,RB,16,16,316,1364,11,76,4.3,85.3,3
5,Maurice Jones-Drew*\DrewMa00,JAX,25,RB,14,14,299,1324,5,37,4.4,94.6,2
6,Adrian Peterson*\PeteAd01,MIN,25,RB,15,15,283,1298,12,80,4.6,86.5,1
7,Rashard Mendenhall\MendRa00,PIT,23,RB,16,16,324,1273,13,50,3.9,79.6,2
8,Steven Jackson*\JackSt00,STL,27,RB,16,16,330,1241,6,42,3.8,77.6,1
9,Ahmad Bradshaw\BradAh00,NYG,24,RB,16,11,276,1235,8,48,4.5,77.2,7
10,Ray Rice\RiceRa00,BAL,23,RB,16,14,307,1220,5,50,4.0,76.3,0
11,Peyton Hillis\HillPe00,CLE,24,RB,16,14,270,1177,11,48,4.4,73.6,8
12,Darren McFadden\McFaDa00,OAK,23,RB,13,13,223,1157,7,57,5.2,89.0,4
13,Cedric Benson\BensCe00,CIN,28,RB,16,16,321,1111,7,26,3.5,69.4,7
14,LeSean McCoy\McCoLe01,PHI,22,RB,15,13,207,1080,7,62,5.2,72.0,2
15,Matt Forte\FortMa00,CHI,25,RB,16,16,237,1069,6,68,4.5,66.8,3
16,BenJarvus Green-Ellis\GreeBe00,NWE,25,RB,16,11,229,1008,13,33,4.4,63.0,0
17,LeGarrette Blount\BlouLe00,TAM,24,rb,13,7,201,1007,6,53,5.0,77.5,4
18,Fred Jackson\JackFr02,BUF,29,RB,16,13,222,927,5,39,4.2,57.9,5
19,LaDainian Tomlinson\TomlLa00,NYJ,31,RB,15,13,219,914,6,31,4.2,60.9,3
20,Thomas Jones\JoneTh00,KAN,32,RB,16,10,245,896,6,70,3.7,56.0,3
21,Frank Gore\GoreFr00,SFO,27,RB,11,11,203,853,3,64,4.2,77.5,4
22,Brandon Jacobs\JacoBr00,NYG,28,rb,16,5,147,823,9,73,5.6,51.4,2
23,Felix Jones\JoneFe00,DAL,23,rb,16,7,185,800,1,34,4.3,50.0,2
24,Knowshon Moreno\MoreKn00,DEN,23,RB,13,13,182,779,5,35,4.3,59.9,3
25,Jonathan Stewart\StewJo00,CAR,23,rb,14,7,178,770,2,48,4.3,55.0,4
26,Shonn Greene\GreeSh00,NYJ,25,rb,15,2,185,766,2,23,4.1,51.1,3
27,Ryan Torain\ToraRy00,WAS,24,RB,10,8,164,742,4,54,4.5,74.2,2
28,Marshawn Lynch\LyncMa00,2TM,24,,16,14,202,737,6,39,3.6,46.1,4
29,Tim Hightower\HighTi00,ARI,24,RB,16,13,153,736,5,80,4.8,46.0,5
30,Mike Tolbert\TolbMi00,SDG,25,rb,15,4,182,735,11,36,4.0,49.0,5
31,Ronnie Brown\BrowRo05,MIA,29,RB,16,16,200,734,5,51,3.7,45.9,3
32,Chris Ivory\IvorCh00,NOR,22,rb,12,4,137,716,5,55,5.2,59.7,4
33,Brandon Jackson\JackBr00,GNB,25,RB,16,13,190,703,3,71,3.7,43.9,1
34,Ryan Mathews\MathRy00,SDG,23,RB,12,9,158,678,7,31,4.3,56.5,5
35,Michael Vick*\VickMi00,PHI,30,QB,12,12,100,676,9,35,6.8,56.3,11
36,Ricky Williams\WillRi00,MIA,33,,16,0,159,673,2,45,4.2,42.1,4
37,Michael Bush\BushMi00,OAK,26,rb,14,3,158,655,8,30,4.1,46.8,0
38,Jahvid Best\BestJa00,DET,21,RB,16,9,171,555,4,45,3.2,34.7,1
39,Danny Woodhead\WoodDa02,2TM,25,,15,3,97,547,5,36,5.6,36.5,1
40,Justin Forsett\ForsJu00,SEA,25,rb,16,5,118,523,2,32,4.4,32.7,0
41,Donald Brown\BrowDo00,IND,23,RB,13,8,129,497,2,49,3.9,38.2,0
42,Joseph Addai\AddaJo00,IND,27,rb,8,7,116,495,4,46,4.3,61.9,2
43,Rashad Jennings\JennRa00,JAX,25,fb/rb,13,3,84,459,4,74,5.5,35.3,0
44,Mike Goodson\GoodMi00,CAR,23,rb,16,3,103,452,3,45,4.4,28.3,5
45,Cadillac Williams\WillCa02,TAM,28,RB,16,9,125,437,2,45,3.5,27.3,1
46,Beanie Wells\WellCh00,ARI,22,rb,13,2,116,397,2,24,3.4,30.5,1
47,Willis McGahee\McGaWi00,BAL,29,rb,15,2,100,380,5,30,3.8,25.3,2
48,Marion Barber\BarbMa01,DAL,27,RB,13,10,113,374,4,25,3.3,28.8,0
49,Josh Freeman\FreeJo00,TAM,22,QB,16,16,68,364,0,33,5.4,22.8,7
50,DeAngelo Williams\WillDe02,CAR,27,rb,6,6,87,361,1,39,4.1,60.2,1
51,Aaron Rodgers\RodgAa00,GNB,27,QB,15,15,64,356,4,27,5.6,23.7,4
52,Brian Westbrook\WestBr00,SFO,31,rb,14,5,77,340,4,30,4.4,24.3,0
53,Maurice Morris\MorrMa00,DET,31,rb,14,7,90,336,5,26,3.7,24.0,1
54,Jerome Harrison\HarrJe00,2TM,27,,12,2,71,330,1,50,4.6,27.5,2
55,Jason Snelling\SnelJa00,ATL,27,,14,0,87,324,2,30,3.7,23.1,2
56,Toby Gerhart\GerhTo00,MIN,23,rb,15,1,81,322,1,21,4.0,21.5,3
57,Derrick Ward\WardDe01,HOU,30,,16,0,50,315,4,38,6.3,19.7,0
58,Bernard Scott\ScotBe00,CIN,26,,16,0,61,299,1,18,4.9,18.7,2
59,Brad Smith\SmitBr01,NYJ,27,wr,16,2,38,299,1,53,7.9,18.7,1
60,C.J. Spiller\SpilC.00,BUF,23,rb,14,1,74,283,0,20,3.8,20.2,5
61,John Kuhn\KuhnJo00,GNB,28,fb/rb,16,2,84,281,4,18,3.3,17.6,1
62,David Garrard\GarrDa00,JAX,32,QB,14,14,66,279,5,25,4.2,19.9,11
63,Pierre Thomas\ThomPi00,NOR,26,rb,6,3,83,269,2,16,3.2,44.8,0
64,Ryan Fitzpatrick\FitzRy00,BUF,28,QB,13,13,40,269,0,22,6.7,20.7,8
65,Chester Taylor\TaylCh01,CHI,31,rb,16,1,112,267,3,24,2.4,16.7,0
66,Darren Sproles\SproDa00,SDG,27,rb,16,3,50,267,0,34,5.3,16.7,3
67,Keiland Williams\WillKe03,WAS,24,rb,15,3,65,261,3,32,4.0,17.4,1
68,Isaac Redman\RedmIs20,PIT,26,,16,0,52,247,0,23,4.8,15.4,2
69,Tashard Choice\ChoiTa00,DAL,26,,16,0,66,243,3,26,3.7,15.2,1
70,Javon Ringer\RingJa00,TEN,23,,16,0,51,239,2,54,4.7,14.9,0
71,Anthony Dixon\DixoAn00,SFO,23,,16,0,70,237,2,34,3.4,14.8,0
72,Jay Cutler\CutlJa00,CHI,27,QB,15,15,50,232,1,25,4.6,15.5,10
73,Clinton Portis\PortCl00,WAS,29,rb,5,5,54,227,2,27,4.2,45.4,0
74,Tim Tebow\TeboTi00,DEN,23,qb,9,3,43,227,6,40,5.3,25.2,1
75,Julius Jones\JoneJu01,2TM,29,,12,2,60,223,0,54,3.7,18.6,1
76,Jason Campbell\CampJa00,OAK,29,QB,13,12,47,222,1,24,4.7,17.1,9
77,Joe McKnight\McKnJo00,NYJ,22,rb,9,1,39,189,0,18,4.8,21.0,0
78,Mike Hart\HartMi00,IND,24,rb,7,1,43,185,1,35,4.3,26.4,0
79,Ben Roethlisberger\RoetBe00,PIT,28,QB,12,12,34,176,2,31,5.2,14.7,6
80,Dominic Rhodes\RhodDo00,IND,31,,3,0,37,172,0,15,4.6,57.3,1
81,Deji Karim\KariDe00,JAX,24,,11,0,35,160,0,15,4.6,14.5,4
82,Lance Ball\BallLa00,DEN,25,,10,0,41,158,0,19,3.9,15.8,1
83,Fred Taylor\TaylFr00,NWE,34,,7,0,43,155,0,24,3.6,22.1,0
84,Jacoby Ford\FordJa01,OAK,23,fb/WR,16,9,10,155,2,71,15.5,9.7,3
85,Donovan McNabb\McNaDo00,WAS,34,QB,13,13,29,151,0,36,5.2,11.6,10
86,Ladell Betts\BettLa00,NOR,31,rb,8,1,45,150,2,12,3.3,18.8,1
87,Reggie Bush\BushRe00,NOR,25,rb,8,6,36,150,0,23,4.2,18.8,2
88,Correll Buckhalter\BuckCo00,DEN,32,,15,0,59,147,2,13,2.5,9.8,1
89,Jon Kitna\KitnJo00,DAL,38,QB,10,9,31,147,1,29,4.7,14.7,6
90,Colt McCoy\McCoCo00,CLE,24,QB,8,8,28,136,1,18,4.9,17.0,1
91,Kevin Smith\SmitKe02,DET,24,,6,0,34,133,0,15,3.9,22.2,0
92,Matt Cassel*\CassMa00,KAN,28,QB,15,15,33,125,0,23,3.8,8.3,3
93,Vince Young\YounVi00,TEN,27,QB,9,8,25,125,0,20,5.0,13.9,6
94,Shaun Hill\HillSh00,DET,30,QB,11,10,22,123,0,40,5.6,11.2,3
95,Matt Ryan*\RyanMa00,ATL,25,QB,16,16,46,122,0,20,2.7,7.6,4
96,Marcel Reece\ReecMa00,OAK,25,FB,16,10,30,122,1,31,4.1,7.6,1
97,Troy Smith\SmitTr02,SFO,26,qb,6,6,23,121,1,16,5.3,20.2,6
98,Joe Webb\WebbJo00,MIN,24,qb,5,2,18,120,2,16,6.7,24.0,1
99,Mike Thomas\ThomMi01,JAX,23,WR,16,11,12,114,0,33,9.5,7.1,3
100,LaRod Stephens-Howling\StepLa00,ARI,23,rb/wr,13,2,23,113,1,30,4.9,8.7,0